numTerms,FFT,Oscar
16,0.078039108,0.489920395
9,0.075049274,0.080714356
7,0.100430595,0.031293573
30,0.075280965,0.565325705
35,0.0764946,0.586486689
3,0.070469092,0.000145537
26,0.076451498,0.546680371
21,0.074740848,0.471033341
17,0.074697626,0.367730328
2,0.07049457,6.8801e-5
